data,Global_active_power,Global_reactive_power,Voltage,Global_intensity,Sub_metering_2,Sub_metering_3
16/12/2006 17:24,4.216,0.418,234.84,18.4,1,17
16/12/2006 17:25,5.36,0.436,233.63,23,1,16
16/12/2006 17:26,5.374,0.498,233.29,23,2,17
16/12/2006 17:27,5.388,0.502,233.74,23,1,17
16/12/2006 17:28,3.666,0.528,235.68,15.8,1,17
16/12/2006 17:29,3.52,0.522,235.02,15,2,17
16/12/2006 17:30,3.702,0.52,235.09,15.8,1,17
16/12/2006 17:31,3.7,0.52,235.22,15.8,1,17
16/12/2006 17:32,3.668,0.51,233.99,15.8,1,17
16/12/2006 17:33,3.662,0.51,233.86,15.8,2,16
16/12/2006 17:34,4.448,0.498,232.86,19.6,1,17
16/12/2006 17:35,5.412,0.47,232.78,23.2,1,17
16/12/2006 17:36,5.224,0.478,232.99,22.4,1,16
16/12/2006 17:37,5.268,0.398,232.91,22.6,2,17
16/12/2006 17:38,4.054,0.422,235.24,17.6,1,17
16/12/2006 17:39,3.384,0.282,237.14,14.2,0,17
16/12/2006 17:40,3.27,0.152,236.73,13.8,0,17
16/12/2006 17:41,3.43,0.156,237.06,14.4,0,17
16/12/2006 17:42,3.266,0,237.13,13.8,0,18
16/12/2006 17:43,3.728,0,235.84,16.4,0,17
16/12/2006 17:44,5.894,0,232.69,25.4,0,16
16/12/2006 17:45,7.706,0,230.98,33.2,0,17
16/12/2006 17:46,7.026,0,232.21,30.6,0,16
16/12/2006 17:47,5.174,0,234.19,22,0,17
16/12/2006 17:48,4.474,0,234.96,19.4,0,17
16/12/2006 17:49,3.248,0,236.66,13.6,0,17
16/12/2006 17:50,3.236,0,235.84,13.6,0,17
16/12/2006 17:51,3.228,0,235.6,13.6,0,17
16/12/2006 17:52,3.258,0,235.49,13.8,0,17
16/12/2006 17:53,3.178,0,235.28,13.4,0,17
16/12/2006 17:54,2.72,0,235.06,11.6,0,17
16/12/2006 17:55,3.758,0.076,234.17,16.4,0,17
16/12/2006 17:56,4.342,0.09,233.77,18.4,0,16
16/12/2006 17:57,4.512,0,233.62,19.2,0,17
16/12/2006 17:58,4.058,0.2,234.68,17.6,0,17
16/12/2006 17:59,2.472,0.058,236.94,10.4,0,17
16/12/2006 18:00,2.79,0.18,237.52,11.8,0,18
16/12/2006 18:01,2.624,0.144,238.2,11,0,17
16/12/2006 18:02,2.772,0.118,238.28,11.6,0,17
16/12/2006 18:03,3.74,0.108,236.93,16.4,16,18
16/12/2006 18:04,4.928,0.202,235.01,21,37,16
16/12/2006 18:05,6.052,0.192,232.93,26.2,37,17
16/12/2006 18:06,6.752,0.186,232.12,29,36,17
16/12/2006 18:07,6.474,0.144,231.85,27.8,37,16
16/12/2006 18:08,6.308,0.116,232.25,27,36,17
16/12/2006 18:09,4.464,0.136,234.66,19,37,16
16/12/2006 18:10,3.396,0.148,236.2,15,22,18
16/12/2006 18:11,3.09,0.152,237.07,13.8,12,17
16/12/2006 18:12,3.73,0.144,235.78,16.4,27,17
16/12/2006 18:13,2.308,0.16,237.43,9.6,1,17
16/12/2006 18:14,2.388,0.158,237.26,10,1,17
16/12/2006 18:15,4.598,0.1,234.25,21.4,20,17
16/12/2006 18:16,4.524,0.076,234.2,19.6,9,17
16/12/2006 18:17,4.202,0.082,234.31,17.8,1,17
16/12/2006 18:18,4.472,0,233.29,19.2,1,16
16/12/2006 18:19,2.852,0,235.61,12,1,17
16/12/2006 18:20,2.928,0,235.25,12.4,1,17
16/12/2006 18:21,2.94,0,236.04,12.4,2,17
16/12/2006 18:22,2.934,0,235.51,12.4,1,17
16/12/2006 18:23,2.926,0,235.68,12.4,1,17
16/12/2006 18:24,3.452,0,235.2,15.2,1,17
16/12/2006 18:25,4.87,0,233.74,20.8,1,17
16/12/2006 18:26,4.868,0,233.84,20.8,1,17
16/12/2006 18:27,4.866,0,233.79,20.8,1,17
16/12/2006 18:28,3.176,0,235.5,13.8,1,17
16/12/2006 18:29,2.92,0,235.84,12.4,1,17
16/12/2006 18:30,2.93,0,236.15,12.4,1,17
16/12/2006 18:31,2.912,0.05,235.81,12.4,1,17
16/12/2006 18:32,2.608,0.052,235.41,11,1,17
16/12/2006 18:33,2.714,0.162,234.82,11.6,0,17
16/12/2006 18:34,3.538,0.086,233.76,15.6,1,16
16/12/2006 18:35,6.072,0,232.48,26.4,27,17
16/12/2006 18:36,4.536,0,233.54,19.4,1,17
16/12/2006 18:37,4.408,0,232.32,18.8,1,16
16/12/2006 18:38,2.912,0.048,234.02,13,1,17
16/12/2006 18:39,2.326,0.054,234.76,9.8,1,17
16/12/2006 18:40,2.264,0.054,234.67,9.6,1,17
16/12/2006 18:41,2.27,0.054,235.27,9.6,1,17
16/12/2006 18:42,2.258,0.054,235.12,9.6,1,17
16/12/2006 18:43,2.188,0.068,235.8,9.2,1,17
16/12/2006 18:44,2.978,0.166,234.81,13.2,1,17
16/12/2006 18:45,4.2,0.174,234.38,17.8,1,17
16/12/2006 18:46,4.204,0.186,234.2,17.8,1,16
16/12/2006 18:47,4.218,0.178,233.98,18,1,17
16/12/2006 18:48,2.786,0.188,234.99,12,2,17
16/12/2006 18:49,2.54,0.088,234.67,10.8,4,17
16/12/2006 18:50,2.496,0.08,233.92,10.6,3,17
16/12/2006 18:51,2.336,0.07,233.51,10,1,16
16/12/2006 18:52,2.322,0,233.44,9.8,0,17
16/12/2006 18:53,2.448,0,233.64,10.6,1,17
16/12/2006 18:54,4.298,0,232.39,18.4,1,16
16/12/2006 18:55,4.23,0.09,232.25,18.2,1,17
16/12/2006 18:56,4.23,0.09,232.32,18.2,2,16
16/12/2006 18:57,3.924,0.084,232.79,17,1,17
16/12/2006 18:58,4.218,0.09,232.09,18,1,17
16/12/2006 18:59,4.224,0.09,231.96,18.2,1,16
16/12/2006 19:00,4.07,0.088,231.99,17.4,1,17
16/12/2006 19:01,3.612,0.09,232.36,15.6,2,16
16/12/2006 19:02,3.458,0.09,232.71,14.8,1,17
16/12/2006 19:03,3.434,0.09,232.01,14.8,1,16
16/12/2006 19:04,3.366,0,232.78,14.4,1,17
16/12/2006 19:05,3.404,0.082,233.08,14.6,2,16
16/12/2006 19:06,3.382,0.074,233.69,14.4,0,17
16/12/2006 19:07,3.616,0.106,234.44,15.4,4,17
16/12/2006 19:08,3.476,0.092,234.6,14.8,3,17
16/12/2006 19:09,3.394,0.064,235.12,14.4,0,17
16/12/2006 19:10,3.4,0,234.28,14.4,1,17
16/12/2006 19:11,3.414,0,234.19,14.4,1,17
16/12/2006 19:12,3.432,0,234.69,14.6,1,16
16/12/2006 19:13,3.418,0,234.26,14.6,2,17
16/12/2006 19:14,3.392,0,233.3,14.4,1,17
16/12/2006 19:15,3.394,0,233.43,14.4,1,17
16/12/2006 19:16,3.394,0,233.45,14.4,1,16
16/12/2006 19:17,3.406,0,233.91,14.4,2,17
16/12/2006 19:18,3.42,0,234.43,14.6,1,17
16/12/2006 19:19,3.418,0,234.34,14.4,1,17
16/12/2006 19:20,3.422,0.052,234.58,14.6,1,17
16/12/2006 19:21,3.332,0,234.02,14.2,1,16
16/12/2006 19:22,3.316,0.046,234.29,14,1,17
16/12/2006 19:23,3.334,0,234.36,14.2,2,17
16/12/2006 19:24,3.262,0.052,232.64,14,0,17
16/12/2006 19:25,3.476,0.064,232.96,14.8,3,16
16/12/2006 19:26,3.62,0.09,233.47,15.4,5,17
16/12/2006 19:27,3.61,0.084,234.98,15.2,5,17
16/12/2006 19:28,3.646,0.138,234.34,15.4,5,17
16/12/2006 19:29,3.614,0.192,233.92,15.4,5,17
16/12/2006 19:30,3.408,0.162,233.94,14.4,2,16
16/12/2006 19:31,3.388,0.134,233.72,14.4,1,17
16/12/2006 19:32,3.372,0.132,233.2,14.4,2,17
16/12/2006 19:33,3.37,0.132,233.1,14.4,1,16
16/12/2006 19:34,3.342,0.12,232.29,14.4,1,17
16/12/2006 19:35,3.284,0,232.45,14,2,16
16/12/2006 19:36,3.276,0,231.97,14,1,17
16/12/2006 19:37,3.382,0.13,232.42,14.4,2,17
16/12/2006 19:38,3.418,0.16,233.38,14.6,1,16
16/12/2006 19:39,3.396,0.158,232.69,14.6,1,17
16/12/2006 19:40,3.406,0.158,233.2,14.6,2,16
16/12/2006 19:41,3.406,0.158,233.26,14.6,1,17
16/12/2006 19:42,3.392,0.156,232.84,14.4,1,17
16/12/2006 19:43,3.378,0.154,232.39,14.4,2,16
16/12/2006 19:44,3.368,0.154,232.14,14.4,1,17
16/12/2006 19:45,3.35,0.152,231.57,14.4,1,16
16/12/2006 19:46,3.352,0.152,231.66,14.4,2,17
16/12/2006 19:47,3.364,0.154,232.22,14.4,1,16
16/12/2006 19:48,3.38,0.156,232.81,14.4,1,17
16/12/2006 19:49,3.404,0.16,233.77,14.4,1,17
16/12/2006 19:50,3.378,0.156,232.82,14.4,2,16
16/12/2006 19:51,3.388,0.158,233.22,14.4,1,17
16/12/2006 19:52,3.376,0.156,232.84,14.4,1,17
16/12/2006 19:53,3.254,0,232.75,13.8,0,16
16/12/2006 19:54,3.214,0.078,232.64,13.8,0,17
16/12/2006 19:55,3.202,0.078,232.2,13.8,0,16
16/12/2006 19:56,3.202,0.078,232.2,13.8,0,17
16/12/2006 19:57,3.212,0.078,232.58,13.8,0,16
16/12/2006 19:58,3.206,0.078,232.4,13.8,0,17
16/12/2006 19:59,3.214,0.078,232.66,13.8,0,17
16/12/2006 20:00,3.206,0.078,232.43,13.8,0,16
16/12/2006 20:01,3.222,0.078,233.02,13.8,0,17
16/12/2006 20:02,3.216,0.076,232.8,13.8,0,16
16/12/2006 20:03,3.216,0.078,232.79,13.8,0,17
16/12/2006 20:04,3.194,0.078,231.98,13.6,0,16
16/12/2006 20:05,3.278,0,232.88,14,0,17
16/12/2006 20:06,3.282,0,232.52,14,0,17
16/12/2006 20:07,3.292,0,232.87,14,0,16
16/12/2006 20:08,3.316,0,233.78,14,0,17
16/12/2006 20:09,3.37,0.08,233.69,14.4,0,17
16/12/2006 20:10,3.42,0.144,234.04,14.6,0,17
16/12/2006 20:11,3.41,0.142,233.93,14.6,0,16
16/12/2006 20:12,3.4,0.14,233.62,14.4,0,17
16/12/2006 20:13,3.4,0.14,233.64,14.4,0,17
16/12/2006 20:14,3.388,0.14,233.26,14.4,0,16
16/12/2006 20:15,3.37,0.086,233.9,14.4,0,17
16/12/2006 20:16,3.332,0,233.68,14.2,0,17
16/12/2006 20:17,3.31,0,232.83,14.2,0,17
16/12/2006 20:18,3.312,0,233,14.2,0,16
16/12/2006 20:19,3.314,0,233.08,14.2,0,17
16/12/2006 20:20,3.302,0,232.69,14.2,0,16
16/12/2006 20:21,3.302,0,232.91,14,0,17
16/12/2006 20:22,3.3,0,232.87,14,0,17
16/12/2006 20:23,3.29,0,232.42,14,0,16
16/12/2006 20:24,3.286,0,232.31,14,0,17
16/12/2006 20:25,3.23,0.052,232.79,13.8,0,16
16/12/2006 20:26,3.218,0.078,233.05,13.8,0,17
16/12/2006 20:27,3.258,0.076,234.57,13.8,0,17
16/12/2006 20:28,3.264,0.076,234.79,13.8,0,17
16/12/2006 20:29,3.26,0.076,234.6,13.8,0,17
16/12/2006 20:30,3.262,0.076,234.54,13.8,0,17
16/12/2006 20:31,3.264,0.076,234.6,13.8,0,16
16/12/2006 20:32,3.238,0.076,233.77,13.8,0,17
16/12/2006 20:33,3.228,0.078,233.5,13.8,0,17
16/12/2006 20:34,3.222,0.078,233.27,13.8,0,17
16/12/2006 20:35,3.226,0.078,233.37,13.8,0,16
16/12/2006 20:36,3.206,0.078,232.64,13.6,0,17
16/12/2006 20:37,3.188,0.08,231.95,13.6,0,16
16/12/2006 20:38,3.196,0.08,232.21,13.6,0,17
16/12/2006 20:39,3.204,0.078,232.5,13.6,0,16
16/12/2006 20:40,3.232,0.078,233.63,13.8,0,17
16/12/2006 20:41,3.254,0.074,234.43,13.8,0,17
16/12/2006 20:42,3.376,0.05,234.63,14.4,0,17
16/12/2006 20:43,3.372,0.048,235.05,14.2,0,17
16/12/2006 20:44,3.366,0.048,234.96,14.2,0,17
16/12/2006 20:45,3.386,0.05,235.77,14.2,0,17
16/12/2006 20:46,3.496,0.146,236.76,14.8,0,17
16/12/2006 20:47,3.426,0.146,234.59,14.6,0,17
16/12/2006 20:48,3.44,0.148,235.13,14.6,0,17
16/12/2006 20:49,3.44,0.146,235.14,14.6,0,17
16/12/2006 20:50,3.454,0.15,235.75,14.6,0,17
16/12/2006 20:51,3.45,0.15,235.69,14.6,0,17
16/12/2006 20:52,3.48,0.154,236.86,14.6,0,17
16/12/2006 20:53,3.474,0.152,236.72,14.6,0,17
16/12/2006 20:54,3.456,0.15,236.05,14.6,0,17
16/12/2006 20:55,1.832,0.17,237.54,8.4,0,17
16/12/2006 20:56,2.044,0.102,237.44,9.4,0,18
16/12/2006 20:57,3.354,0,237,14,0,17
16/12/2006 20:58,3.282,0.074,235.55,13.8,0,17
16/12/2006 20:59,3.308,0.074,236.51,14,0,17
16/12/2006 21:00,3.314,0.072,236.76,14,0,17
16/12/2006 21:01,3.306,0.072,237.11,13.8,0,17
16/12/2006 21:02,1.692,0.054,238.72,7.8,0,18
16/12/2006 21:03,3.342,0.07,237.66,14,0,17
16/12/2006 21:04,3.354,0.07,238.2,14,0,17
16/12/2006 21:05,3.334,0.072,237.46,14,0,18
16/12/2006 21:06,3.33,0.072,237.36,14,0,17
16/12/2006 21:07,2.74,0.064,238.13,12,0,17
16/12/2006 21:08,2.188,0.06,237.74,10,0,18
16/12/2006 21:09,3.33,0.07,237.26,14,0,17
16/12/2006 21:10,3.34,0.07,237.69,14,0,17
16/12/2006 21:11,3.306,0.072,236.44,14,0,17
16/12/2006 21:12,3.044,0.072,236.23,13.2,0,17
16/12/2006 21:13,1.766,0.058,237.7,8.2,0,18
16/12/2006 21:14,3.376,0,235.73,14.2,0,17
16/12/2006 21:15,3.414,0.052,236.51,14.4,0,17
16/12/2006 21:16,3.426,0.054,237.11,14.4,0,17
16/12/2006 21:17,3.42,0.054,237.06,14.4,0,17
16/12/2006 21:18,1.876,0.074,238.63,8.6,0,18
16/12/2006 21:19,3.442,0.056,237.58,14.4,0,17
16/12/2006 21:20,3.414,0.054,236.87,14.4,0,17
16/12/2006 21:21,3.412,0.056,236.94,14.4,0,17
16/12/2006 21:22,2.542,0.068,238.17,11.4,0,18
16/12/2006 21:23,2.82,0.062,237.42,12.4,0,17
16/12/2006 21:24,3.41,0.054,236.91,14.4,0,17
16/12/2006 21:25,3.392,0.052,236.24,14.2,0,17
16/12/2006 21:26,2.878,0.06,237.17,12.6,0,17
16/12/2006 21:27,1.848,0.112,238.59,8.4,0,18
16/12/2006 21:28,3.494,0.144,237.43,14.6,0,17
16/12/2006 21:29,3.42,0,237.73,14.2,0,17
16/12/2006 21:30,3.226,0,237.2,13.8,0,18
16/12/2006 21:31,1.948,0,238.41,9,0,17
16/12/2006 21:32,3.392,0,236.6,14.2,0,17
16/12/2006 21:33,3.368,0,236.12,14.2,0,17
16/12/2006 21:34,3.378,0,236.54,14.2,0,17
16/12/2006 21:35,1.872,0,238.48,8.6,0,18
16/12/2006 21:36,3.212,0,237.27,13.6,0,17
16/12/2006 21:37,3.346,0,237.06,14,0,17
16/12/2006 21:38,3.308,0.072,236.49,14,0,17
16/12/2006 21:39,3.302,0.072,236.28,13.8,0,17
16/12/2006 21:40,2.36,0.064,236.89,10.8,0,18
16/12/2006 21:41,2.652,0.046,236.64,11.8,0,17
16/12/2006 21:42,3.392,0,236.58,14.2,1,17
16/12/2006 21:43,3.398,0,236.83,14.2,2,17
16/12/2006 21:44,3.424,0.046,237.75,14.4,1,17
16/12/2006 21:45,1.86,0.066,239.69,8.4,2,18
16/12/2006 21:46,3.25,0.082,238.95,13.8,1,17
16/12/2006 21:47,3.502,0.172,236.46,14.8,1,18
16/12/2006 21:48,3.484,0.17,235.98,14.6,2,17
16/12/2006 21:49,3.478,0.168,235.85,14.6,1,17
16/12/2006 21:50,1.696,0.194,238.19,7.6,2,17
16/12/2006 21:51,3.494,0.17,236.28,14.8,1,17
16/12/2006 21:52,3.482,0.17,236.4,14.6,1,17
16/12/2006 21:53,3.48,0.17,236.46,14.6,2,17
16/12/2006 21:54,3.474,0.168,236.28,14.6,1,17
16/12/2006 21:55,2.308,0.184,237.33,10.6,1,18
16/12/2006 21:56,2.926,0.178,237.09,12.8,2,17
16/12/2006 21:57,3.472,0.17,236.39,14.6,1,17
16/12/2006 21:58,3.48,0.17,236.75,14.6,1,17
16/12/2006 21:59,3.454,0.168,235.73,14.6,2,17
16/12/2006 22:00,3.464,0.17,236.03,14.6,1,17
16/12/2006 22:01,1.786,0.096,237.68,8.2,1,18
16/12/2006 22:02,3.182,0,235.99,13.6,1,17
16/12/2006 22:03,3.378,0,236.26,14.2,2,17
16/12/2006 22:04,3.372,0,236.03,14.2,1,17
16/12/2006 22:05,3.362,0,235.7,14.2,1,17
16/12/2006 22:06,3.112,0,236.08,13.4,1,17
16/12/2006 22:07,1.614,0.056,237.31,7.4,0,17
16/12/2006 22:08,3.358,0,236.14,14.2,0,17
16/12/2006 22:09,3.388,0,236.61,14.2,0,17
16/12/2006 22:10,3.392,0,236.93,14.2,0,17
16/12/2006 22:11,2.81,0,237.97,12.4,0,18
16/12/2006 22:12,2.18,0,238.02,10,0,17
16/12/2006 22:13,3.37,0,236.06,14.2,0,17
16/12/2006 22:14,3.326,0,234.45,14,0,17
16/12/2006 22:15,2.778,0,235.31,12,0,9
16/12/2006 22:16,2.358,0,237.1,9.8,0,0
16/12/2006 22:17,0.96,0.054,238.68,5.6,0,0
16/12/2006 22:18,1.606,0,238.76,7.8,0,0
16/12/2006 22:19,2.35,0,238.59,9.8,0,0
16/12/2006 22:20,2.428,0.068,238.87,10,0,0
16/12/2006 22:21,2.078,0.072,238.97,9.2,0,0
16/12/2006 22:22,0.78,0.09,239.93,4.6,0,0
16/12/2006 22:23,2.426,0.068,239.05,10,0,0
16/12/2006 22:24,2.412,0.066,238.46,10,0,0
16/12/2006 22:25,2.428,0.07,239.68,10,0,0
16/12/2006 22:26,1.53,0.084,240.72,7.6,0,0
16/12/2006 22:27,1.388,0.086,240.87,7.2,0,0
16/12/2006 22:28,2.424,0.07,239.71,10,0,0
16/12/2006 22:29,2.428,0.072,239.89,10,0,0
16/12/2006 22:30,2.388,0.07,239.48,10,0,0
16/12/2006 22:31,0.376,0.1,241.64,1.6,0,0
16/12/2006 22:32,2.202,0.074,240.07,9.6,0,0
16/12/2006 22:33,2.43,0.07,239.77,10,0,0
16/12/2006 22:34,2.346,0.052,240.05,9.6,0,0
16/12/2006 22:35,1.916,0.054,239.75,8.6,0,0
16/12/2006 22:36,0.384,0,240.58,2.4,0,0
16/12/2006 22:37,2.334,0.06,239.2,9.6,0,0
16/12/2006 22:38,2.32,0.06,238.84,9.6,0,0
16/12/2006 22:39,2.306,0.062,238.39,9.6,0,0
16/12/2006 22:40,2.306,0.064,238.39,9.6,0,0
16/12/2006 22:41,0.436,0,241.06,2.8,0,0
16/12/2006 22:42,1.584,0.05,240.89,7.8,0,0
16/12/2006 22:43,2.328,0.062,239.46,9.6,0,0
16/12/2006 22:44,2.326,0.062,239.27,9.6,0,0
16/12/2006 22:45,2.334,0.06,239.57,9.6,0,0
16/12/2006 22:46,1.846,0.054,239.99,8.4,0,0
16/12/2006 22:47,0.284,0,242.04,1.2,0,0
16/12/2006 22:48,2.342,0.06,239.89,9.8,0,0
16/12/2006 22:49,2.392,0,239.91,10,0,0
16/12/2006 22:50,2.414,0,240.02,10,0,0
16/12/2006 22:51,2.414,0,239.97,10,0,0
16/12/2006 22:52,0.754,0.086,241.27,4.4,0,0
16/12/2006 22:53,1.42,0.178,238.64,7.4,0,0
16/12/2006 22:54,2.468,0.162,237.47,10.4,0,0
16/12/2006 22:55,2.474,0.164,238.05,10.4,0,0
16/12/2006 22:56,2.488,0.168,239.03,10.4,0,0
16/12/2006 22:57,1.81,0.182,240.28,8.6,0,0
16/12/2006 22:58,0.674,0.2,241.36,4,0,0
16/12/2006 22:59,2.444,0.094,239.42,10.2,0,0
16/12/2006 23:00,2.41,0.068,238.9,10,0,0
16/12/2006 23:01,2.412,0.07,239.13,10,0,0
16/12/2006 23:02,2.206,0.072,239.37,9.4,0,0
16/12/2006 23:03,0.37,0.1,241.58,1.6,0,0
16/12/2006 23:04,2.104,0.076,240.11,9.2,0,0
16/12/2006 23:05,2.404,0.068,238.73,10,0,0
16/12/2006 23:06,2.418,0.07,239.52,10,0,0
16/12/2006 23:07,2.342,0,239.74,9.6,0,0
16/12/2006 23:08,1.262,0.046,240.96,6.8,0,0
16/12/2006 23:09,0.852,0,241.64,5.2,0,0
16/12/2006 23:10,2.34,0.06,240.05,9.6,0,0
16/12/2006 23:11,2.336,0.06,240.07,9.6,0,0
16/12/2006 23:12,2.334,0.06,239.99,9.6,0,0
16/12/2006 23:13,2.33,0.06,239.74,9.6,0,0
16/12/2006 23:14,1.038,0,241.17,6,0,0
16/12/2006 23:15,0.386,0,242.39,2.4,0,0
16/12/2006 23:16,2.35,0.06,240.41,9.6,0,0
16/12/2006 23:17,2.346,0.06,240.5,9.6,0,0
16/12/2006 23:18,2.346,0.06,240.55,9.6,0,0
16/12/2006 23:19,1.834,0.052,240.97,8.4,0,0
16/12/2006 23:20,1.222,0.046,241.58,6.6,0,0
16/12/2006 23:21,2.342,0.06,240.21,9.6,0,0
16/12/2006 23:22,2.334,0.06,239.98,9.6,0,0
16/12/2006 23:23,1.666,0.052,240.65,8,0,0
16/12/2006 23:24,1.198,0,241.68,6.6,0,0
16/12/2006 23:25,2.35,0.058,240.7,9.6,0,0
16/12/2006 23:26,2.398,0,240.7,9.8,0,0
16/12/2006 23:27,2.444,0.072,240.11,10.2,0,0
16/12/2006 23:28,0.406,0.098,241.71,2,0,0
16/12/2006 23:29,2.434,0.072,240.13,10,0,0
16/12/2006 23:30,2.502,0.136,240.24,10.4,0,0
16/12/2006 23:31,2.518,0.176,240.53,10.4,0,0
16/12/2006 23:32,1.516,0.19,241.36,7.6,0,0
16/12/2006 23:33,1.498,0.188,241.02,7.6,0,0
16/12/2006 23:34,2.508,0.174,240.06,10.4,0,0
16/12/2006 23:35,2.504,0.174,240.09,10.4,0,0
16/12/2006 23:36,2.492,0.172,239.49,10.4,0,0
16/12/2006 23:37,0.814,0.204,242.16,4.8,0,0
16/12/2006 23:38,2.304,0.18,240.95,9.8,0,0
16/12/2006 23:39,2.53,0.182,241.74,10.4,0,0
16/12/2006 23:40,2.378,0,241.18,9.8,0,0
16/12/2006 23:41,0.384,0,243.73,2.4,0,0
16/12/2006 23:42,2.37,0.058,241.48,9.8,0,0
16/12/2006 23:43,2.358,0.058,241.13,9.6,0,0
16/12/2006 23:44,2.352,0.058,240.96,9.6,0,0
16/12/2006 23:45,0.416,0,242.94,2.4,0,0
16/12/2006 23:46,2.654,0.062,240.74,11,0,0
16/12/2006 23:47,2.54,0.06,241.23,10.4,0,0
16/12/2006 23:48,2.526,0.058,241.79,10.8,0,0
16/12/2006 23:49,1.206,0,241.83,5.4,0,0
16/12/2006 23:50,3.844,0.148,238.71,16.6,0,0
16/12/2006 23:51,4.122,0.14,237.99,17.6,0,0
16/12/2006 23:52,3.458,0,238.89,14.8,0,0
16/12/2006 23:53,1.988,0.05,240.26,9.2,0,0
16/12/2006 23:54,0.596,0,240.88,2.4,0,0
16/12/2006 23:55,1.29,0,240.69,6.8,0,0
16/12/2006 23:56,2.73,0.06,239.43,11.4,1,0
16/12/2006 23:57,2.734,0.062,239.81,11.4,2,0
16/12/2006 23:58,2.764,0.066,241.27,11.4,1,0
16/12/2006 23:59,2.586,0.07,241.63,11,1,0
17/12/2006 0:00,1.044,0.152,242.73,4.4,2,0
17/12/2006 0:01,1.52,0.22,242.2,7.4,1,0
17/12/2006 0:02,3.038,0.194,240.14,12.6,2,0
17/12/2006 0:03,2.974,0.194,239.97,12.4,1,0
17/12/2006 0:04,2.846,0.198,240.39,11.8,2,0
17/12/2006 0:05,2.848,0.198,240.59,11.8,1,0
17/12/2006 0:06,2.858,0.202,241.14,11.8,1,0
17/12/2006 0:07,2.472,0.208,241.62,10.8,2,0
17/12/2006 0:08,0.658,0.244,243.75,3,1,0
17/12/2006 0:09,0.838,0.334,242.09,4.8,2,0
17/12/2006 0:10,2.608,0.298,239.45,10.8,1,0
17/12/2006 0:11,2.598,0.296,239.44,10.8,1,0
17/12/2006 0:12,2.56,0.286,238.71,10.8,2,0
17/12/2006 0:13,2.526,0.278,236.95,10.6,1,0
17/12/2006 0:14,2.472,0.194,237.55,10.4,1,0
17/12/2006 0:15,1.658,0.166,238.48,8,1,0
17/12/2006 0:16,0.422,0.184,239.79,1.8,2,0
17/12/2006 0:17,0.79,0.178,239.47,4.6,1,0
17/12/2006 0:18,2.436,0.12,238.51,10.2,1,0
17/12/2006 0:19,2.396,0.056,239.03,10,1,0
17/12/2006 0:20,2.338,0,238.37,9.8,1,0
17/12/2006 0:21,2.304,0.062,238.38,9.6,0,0
17/12/2006 0:22,0.276,0,240.56,1.2,0,0
17/12/2006 0:23,0.712,0,239.84,4.6,0,0
17/12/2006 0:24,2.332,0.06,239.11,9.6,0,0
17/12/2006 0:25,2.344,0.058,239.99,9.6,0,0
17/12/2006 0:26,2.354,0.058,240.64,9.8,0,0
17/12/2006 0:27,2.332,0.06,239.45,9.6,0,0
17/12/2006 0:28,2.368,0.056,241.4,9.8,0,0
17/12/2006 0:29,0.612,0,243.68,4,0,0
17/12/2006 0:30,0.286,0,244.03,1.2,0,0
17/12/2006 0:31,1.952,0.05,242.07,8.8,0,0
17/12/2006 0:32,2.376,0.056,241.86,9.8,0,0
17/12/2006 0:33,2.374,0.056,241.7,9.8,0,0
17/12/2006 0:34,2.406,0,240,10,0,0
17/12/2006 0:35,1.004,0.094,242,5.6,0,0
17/12/2006 0:36,0.388,0.104,242.58,1.6,0,0
17/12/2006 0:37,1.458,0.09,242.3,7.4,0,0
17/12/2006 0:38,2.48,0.078,241.86,10.2,0,0
17/12/2006 0:39,2.454,0.074,240.76,10.2,0,0
17/12/2006 0:40,2.468,0.078,241.52,10.2,0,0
17/12/2006 0:41,2.028,0.084,241.88,9,0,0
17/12/2006 0:42,0.382,0.108,243.65,1.6,0,0
17/12/2006 0:43,0.902,0.098,242.62,5.2,0,0
17/12/2006 0:44,2.466,0.076,241.43,10.2,0,0
17/12/2006 0:45,2.456,0.076,241.18,10.2,0,0
17/12/2006 0:46,2.45,0.074,240.82,10,0,0
17/12/2006 0:47,2.448,0.074,240.78,10,0,0
17/12/2006 0:48,0.93,0,242.94,5.6,0,0
17/12/2006 0:49,0.286,0,243.84,1.2,0,0
17/12/2006 0:50,1.376,0,243.11,7.2,0,0
17/12/2006 0:51,2.456,0.048,241.98,10,0,0
17/12/2006 0:52,2.456,0.048,242.01,10,0,0
17/12/2006 0:53,2.444,0.046,241.38,10,0,0
17/12/2006 0:54,2.122,0.048,240.91,9.2,0,0
17/12/2006 0:55,0.356,0.07,242.13,1.4,0,0
17/12/2006 0:56,0.952,0.062,241.5,5.6,0,0
17/12/2006 0:57,2.426,0,240.45,10,0,0
17/12/2006 0:58,2.42,0,240.35,10,0,0
17/12/2006 0:59,2.412,0,240.65,10,0,0
17/12/2006 1:00,1.008,0,242.35,5.4,0,0
17/12/2006 1:01,0.43,0,243.4,1.8,0,0
17/12/2006 1:02,2.676,0.088,240.69,11.4,0,0
17/12/2006 1:03,3.766,0.208,239.13,15.6,0,0
17/12/2006 1:04,4.582,0.258,238.08,19.6,13,0
17/12/2006 1:05,5.282,0.15,237.38,22.4,35,0
17/12/2006 1:06,2.362,0.096,241.35,10.4,28,0
17/12/2006 1:07,3.25,0.084,240.95,13.6,37,0
17/12/2006 1:08,4.618,0.104,239.61,19.6,27,0
17/12/2006 1:09,5.242,0.178,239.49,21.8,37,0
17/12/2006 1:10,4.86,0.198,239.65,20.2,36,0
17/12/2006 1:11,3.738,0.238,240.39,16,36,0
17/12/2006 1:12,3.426,0.256,240.31,14.4,37,0
17/12/2006 1:13,5.254,0.214,238.15,22,35,0
17/12/2006 1:14,5.246,0.23,237.91,22,36,0
17/12/2006 1:15,5.216,0.21,237.44,22,36,0
17/12/2006 1:16,3.858,0.24,238.52,16.6,36,0
17/12/2006 1:17,2.822,0.188,239.55,11.8,36,0
17/12/2006 1:18,3.84,0.164,238.27,16.6,35,0
17/12/2006 1:19,4.636,0.14,237.37,19.4,36,0
17/12/2006 1:20,4.634,0.152,237.17,19.4,35,0
17/12/2006 1:21,4.652,0.142,237.92,19.4,36,0
17/12/2006 1:22,3.13,0.13,239.82,14.6,26,0
17/12/2006 1:23,1.756,0.05,241.18,7.6,24,0
17/12/2006 1:24,3.478,0,239.84,15,36,0
17/12/2006 1:25,4.5,0,239.04,18.8,36,0
17/12/2006 1:26,3.552,0,240.29,14.8,21,0
17/12/2006 1:27,3.94,0,239.19,16.6,28,0
17/12/2006 1:28,2.44,0,240.8,10,37,0
17/12/2006 1:29,2.08,0,241.61,9,28,0
17/12/2006 1:30,3.652,0,240.11,15.2,22,0
17/12/2006 1:31,4.432,0,239.35,18.4,36,0
17/12/2006 1:32,4.46,0,240.08,18.6,36,0
17/12/2006 1:33,2.186,0.124,242.07,10,17,0
17/12/2006 1:34,2.358,0.124,241.54,9.8,33,0
17/12/2006 1:35,3.954,0.098,239.84,16.8,36,0
17/12/2006 1:36,3.746,0.106,240.36,15.6,25,0
17/12/2006 1:37,3.944,0.098,239.79,16.6,25,0
17/12/2006 1:38,3.68,0.102,239.55,15.8,36,0
17/12/2006 1:39,1.67,0.13,242.21,7.2,24,0
17/12/2006 1:40,3.214,0.118,241.92,14.6,26,0
17/12/2006 1:41,4.5,0,240.42,18.6,36,0
17/12/2006 1:42,3.8,0,241.78,15.8,26,0
17/12/2006 1:43,2.664,0,243.31,11.2,23,0
17/12/2006 1:44,2.528,0.122,242.92,10.4,37,0
17/12/2006 1:45,2.668,0.14,241.8,11.6,18,0
17/12/2006 1:46,4.256,0.184,240.29,17.8,30,0
17/12/2006 1:47,4.126,0.244,240.61,17.6,28,0
17/12/2006 1:48,3.216,0.27,242.14,15,31,0
17/12/2006 1:49,0.574,0.302,243.88,2.6,5,0
17/12/2006 1:50,2.344,0.272,241.49,10.8,16,0
17/12/2006 1:51,3.804,0.244,240.34,16.2,23,0
17/12/2006 1:52,4.622,0.24,239.59,19.2,37,0
17/12/2006 1:53,3.218,0.25,240.38,13.8,16,0
17/12/2006 1:54,0.774,0.294,242.43,4.2,5,0
17/12/2006 1:55,0.572,0.3,243.55,2.6,5,0
17/12/2006 1:56,1.952,0.282,242.33,9,5,0
17/12/2006 1:57,2.608,0.188,241.86,10.8,4,0
17/12/2006 1:58,2.6,0.134,242.14,10.6,5,0
17/12/2006 1:59,2.568,0.132,241.97,10.6,5,0
17/12/2006 2:00,1.334,0.148,242.14,7,5,0
17/12/2006 2:01,0.362,0.124,244.33,1.6,3,0
17/12/2006 2:02,1.238,0.1,245.86,6.6,1,0
17/12/2006 2:03,2.448,0.088,244.84,10,2,0
17/12/2006 2:04,2.426,0.082,244.83,9.8,1,0
17/12/2006 2:05,1.794,0.098,245.8,8.4,2,0
17/12/2006 2:06,0.288,0.118,247.65,1.2,1,0
17/12/2006 2:07,0.608,0.12,247.49,3.8,1,0
17/12/2006 2:08,2.426,0.082,244.73,9.8,2,0
17/12/2006 2:09,2.442,0.088,244.9,10,1,0
17/12/2006 2:10,2.428,0.084,244.77,9.8,1,0
17/12/2006 2:11,0.674,0.116,247.47,4.4,2,0
17/12/2006 2:12,0.306,0.128,248.48,1.4,1,0
17/12/2006 2:13,2.09,0.094,247.01,9,2,0
17/12/2006 2:14,2.508,0.134,246.12,10.2,1,0
17/12/2006 2:15,2.228,0.126,246.32,9.4,1,0
17/12/2006 2:16,0.308,0.108,248.01,1.4,0,0
17/12/2006 2:17,0.29,0.102,248.2,1.2,0,0
17/12/2006 2:18,2.442,0.072,245.61,10,1,0
17/12/2006 2:19,2.514,0.156,245.29,10.2,0,0
17/12/2006 2:20,2.506,0.202,243.75,10.2,0,0
17/12/2006 2:21,0.388,0.234,246.17,1.8,0,0
17/12/2006 2:22,0.538,0.242,246.94,3.2,0,0
17/12/2006 2:23,2.496,0.142,245.35,10.2,0,0
17/12/2006 2:24,2.47,0.1,244.97,10,1,0
17/12/2006 2:25,2.448,0.096,244.97,10,0,0
17/12/2006 2:26,0.82,0.126,246.17,5,0,0
17/12/2006 2:27,0.308,0.13,247.3,1.4,0,0
17/12/2006 2:28,2.45,0.102,244.96,10,0,0
17/12/2006 2:29,2.432,0.092,244.2,9.8,0,0
17/12/2006 2:30,2.444,0.098,243.93,10,0,0
17/12/2006 2:31,1.97,0.1,244.35,8.8,0,0
17/12/2006 2:32,0.256,0,246.64,1.2,1,0
17/12/2006 2:33,0.508,0,246.7,3.6,0,0
17/12/2006 2:34,2.37,0,244.7,9.6,0,0
17/12/2006 2:35,2.352,0,245.05,9.6,0,0
17/12/2006 2:36,2.14,0,246.52,9,0,0
17/12/2006 2:37,0.212,0,248.94,0.8,0,0
17/12/2006 2:38,0.992,0,247.33,5.8,1,0
17/12/2006 2:39,2.362,0,245.39,9.6,0,0
17/12/2006 2:40,2.384,0,245.71,9.6,0,0
17/12/2006 2:41,1.928,0,246.1,8.4,0,0
17/12/2006 2:42,0.218,0,249.37,1,0,0
17/12/2006 2:43,0.656,0,249.07,4.4,1,0
17/12/2006 2:44,2.398,0,247.31,9.6,0,0
17/12/2006 2:45,2.412,0,247.26,9.6,0,0
17/12/2006 2:46,1.672,0,245.95,7.8,0,0
17/12/2006 2:47,0.226,0,246.16,1,0,0
17/12/2006 2:48,1.632,0,244.51,7.8,0,0
17/12/2006 2:49,2.352,0,243.91,9.6,1,0
17/12/2006 2:50,2.328,0.046,243.68,9.4,0,0
17/12/2006 2:51,0.732,0,244.57,4.6,0,0
17/12/2006 2:52,0.206,0,245.98,0.8,0,0
17/12/2006 2:53,2.332,0,244.32,9.6,0,0
17/12/2006 2:54,2.39,0,244.51,9.8,0,0
17/12/2006 2:55,2.476,0.1,244.84,10,1,0
17/12/2006 2:56,0.604,0.126,247.15,3.8,0,0
17/12/2006 2:57,0.38,0.178,246.59,1.8,0,0
17/12/2006 2:58,1.774,0.21,244.52,8.4,0,0
17/12/2006 2:59,2.52,0.202,243.43,10.4,0,0
17/12/2006 3:00,2.542,0.214,244.06,10.4,0,0
17/12/2006 3:01,2.228,0.294,245.05,9.8,4,0
17/12/2006 3:02,0.59,0.316,247.12,2.6,4,0
17/12/2006 3:03,1.354,0.316,246.86,7,3,0
17/12/2006 3:04,2.734,0.28,245.41,11.2,4,0
17/12/2006 3:05,2.734,0.288,245.27,11.2,3,0
17/12/2006 3:06,2.002,0.214,245.79,9,4,0
17/12/2006 3:07,0.472,0.144,247.11,2,3,0
17/12/2006 3:08,0.876,0,244.7,5,4,0
17/12/2006 3:09,2.324,0.046,243.24,9.4,0,0
17/12/2006 3:10,2.342,0,243.46,9.6,0,0
17/12/2006 3:11,2.326,0.046,243.57,9.4,0,0
17/12/2006 3:12,0.302,0,246.19,2,0,0
17/12/2006 3:13,0.208,0,247.17,0.8,0,0
17/12/2006 3:14,2.022,0,245.69,8.8,0,0
17/12/2006 3:15,2.356,0,245.08,9.6,0,0
17/12/2006 3:16,2.346,0,243.7,9.6,1,0
17/12/2006 3:17,2.24,0,243.92,9.2,0,0
17/12/2006 3:18,0.224,0,245.54,1,0,0
17/12/2006 3:19,0.424,0,244.88,3.2,0,0
17/12/2006 3:20,2.344,0,243.27,9.6,0,0
17/12/2006 3:21,2.308,0.048,242.65,9.4,0,0
17/12/2006 3:22,2.338,0,243.29,9.6,1,0
17/12/2006 3:23,1.48,0,243.73,7.4,0,0
17/12/2006 3:24,0.222,0,245.29,1,0,0
17/12/2006 3:25,0.82,0,245.38,5.2,0,0
17/12/2006 3:26,2.352,0,243.84,9.6,0,0
17/12/2006 3:27,2.312,0.048,242.8,9.4,0,0
17/12/2006 3:28,2.324,0,242.52,9.6,1,0
17/12/2006 3:29,0.232,0,244.9,1.4,0,0
17/12/2006 3:30,0.342,0.12,244.81,1.6,0,0
17/12/2006 3:31,1.94,0.098,243.8,8.8,0,0
17/12/2006 3:32,2.456,0.098,244.03,10,0,0
17/12/2006 3:33,2.448,0.096,244.73,10,0,0
17/12/2006 3:34,1.838,0.108,244.66,8.4,1,0
17/12/2006 3:35,0.32,0.13,246.4,1.4,0,0
17/12/2006 3:36,1.154,0.116,245.5,6.4,0,0
17/12/2006 3:37,2.442,0.096,243.49,10,0,0
17/12/2006 3:38,2.41,0.09,243.08,9.8,0,0
17/12/2006 3:39,2.282,0.096,243.17,9.6,0,0
17/12/2006 3:40,0.32,0.126,244.44,1.6,0,0
17/12/2006 3:41,0.812,0.224,244.05,4.8,1,0
17/12/2006 3:42,2.446,0.138,242.72,10,0,0
17/12/2006 3:43,2.426,0.066,243.81,9.8,0,0
17/12/2006 3:44,2.41,0.062,244.12,9.8,0,0
17/12/2006 3:45,0.436,0.096,245.64,2.8,0,0
17/12/2006 3:46,0.492,0.088,245.18,3.2,0,0
17/12/2006 3:47,2.424,0.064,243.7,9.8,1,0
17/12/2006 3:48,2.392,0.058,243.41,9.8,0,0
17/12/2006 3:49,2.382,0,243.42,9.8,0,0
17/12/2006 3:50,0.754,0,245.53,4.8,0,0
17/12/2006 3:51,0.412,0,246.54,3,0,0
17/12/2006 3:52,2.354,0,244.63,9.6,0,0
17/12/2006 3:53,2.412,0,244.59,9.8,1,0
17/12/2006 3:54,2.426,0.082,244.42,9.8,2,0
17/12/2006 3:55,1.384,0.1,244.64,7.2,2,0
17/12/2006 3:56,0.292,0.11,245.31,1.2,1,0
17/12/2006 3:57,1.33,0.098,243.78,7,2,0
17/12/2006 3:58,2.396,0.076,242.57,9.8,1,0
17/12/2006 3:59,2.422,0.082,243.16,9.8,2,0
17/12/2006 4:00,2.402,0.076,243.18,9.8,1,0
17/12/2006 4:01,0.43,0.112,245.02,2.6,2,0
17/12/2006 4:02,0.666,0.104,244.9,4.2,2,0
17/12/2006 4:03,2.42,0.08,242.77,9.8,1,0
17/12/2006 4:04,2.39,0.074,242.47,9.8,2,0
17/12/2006 4:05,2.446,0.12,242.14,10,1,0
17/12/2006 4:06,0.978,0.248,245.15,5.6,2,0
17/12/2006 4:07,0.4,0.254,245.86,1.8,1,0
17/12/2006 4:08,2.432,0.222,243.47,10.2,2,0
17/12/2006 4:09,2.5,0.214,243.36,10.2,1,0
17/12/2006 4:10,2.52,0.22,243.54,10.4,2,0
17/12/2006 4:11,0.788,0.246,245.68,4.8,1,0
17/12/2006 4:12,0.402,0.256,245.69,2,2,0
17/12/2006 4:13,2.238,0.216,243.21,9.6,1,0
17/12/2006 4:14,2.512,0.22,243.49,10.2,2,0
17/12/2006 4:15,2.486,0.212,243.2,10.2,1,0
17/12/2006 4:16,1.936,0.23,244.12,8.8,1,0
17/12/2006 4:17,0.376,0.256,246.45,1.8,2,0
17/12/2006 4:18,0.908,0.078,245.71,5.2,1,0
17/12/2006 4:19,2.336,0.046,243.86,9.4,0,0
17/12/2006 4:20,2.346,0,243.5,9.6,0,0
17/12/2006 4:21,2.328,0.046,243.62,9.4,0,0
17/12/2006 4:22,1.708,0,243.73,8,0,0
17/12/2006 4:23,0.206,0,245.17,0.8,0,0
17/12/2006 4:24,0.516,0,245.13,3.6,1,0
17/12/2006 4:25,2.426,0.06,243.67,9.8,0,0
17/12/2006 4:26,2.43,0.066,244,9.8,0,0
17/12/2006 4:27,2.424,0.06,243.6,9.8,0,0
17/12/2006 4:28,2.306,0.064,242.93,9.6,0,0
17/12/2006 4:29,0.288,0.088,245.08,1.2,0,0
17/12/2006 4:30,0.756,0.092,245.69,3.8,0,5
17/12/2006 4:31,3.498,0.05,242.83,14.4,0,19
17/12/2006 4:32,3.522,0.054,242.92,14.4,1,18
17/12/2006 4:33,3.46,0,243.03,14.2,0,19
17/12/2006 4:34,3.434,0.05,242.95,14,0,18
17/12/2006 4:35,1.646,0,245.6,7.4,0,19
17/12/2006 4:36,1.336,0,245.94,5.4,0,18
17/12/2006 4:37,2.874,0,244.16,12.4,1,18
17/12/2006 4:38,3.41,0.056,243.04,14,0,19
17/12/2006 4:39,3.412,0.052,242.49,14,0,18
17/12/2006 4:40,3.386,0.056,242.22,13.8,0,18
17/12/2006 4:41,1.844,0.048,244.07,8.2,0,18
17/12/2006 4:42,1.414,0.106,244.55,5.8,0,18
17/12/2006 4:43,3.352,0.086,242.89,14,1,18
17/12/2006 4:44,3.5,0.08,242.65,14.4,0,18
17/12/2006 4:45,3.516,0.084,242.63,14.4,0,18
17/12/2006 4:46,3.174,0.084,243.15,13.4,0,18
17/12/2006 4:47,1.428,0.114,245.1,5.8,0,19
17/12/2006 4:48,1.994,0.1,244.15,9,0,18
17/12/2006 4:49,3.492,0.082,241.83,14.4,1,18
17/12/2006 4:50,3.46,0.076,241.53,14.2,0,18
17/12/2006 4:51,3.492,0.082,242.06,14.4,0,18
17/12/2006 4:52,3.482,0.08,242.39,14.2,0,18
17/12/2006 4:53,1.492,0.104,245.95,6.2,0,18
17/12/2006 4:54,1.326,0,246.55,5.4,0,19
17/12/2006 4:55,3.282,0.046,243.76,13.6,1,18
17/12/2006 4:56,3.422,0.054,243.58,14,0,18
17/12/2006 4:57,3.424,0.05,242.95,14,0,18
17/12/2006 4:58,3.254,0.054,242.7,13.4,0,18
17/12/2006 4:59,1.32,0,244.27,5.4,0,18
17/12/2006 5:00,2.294,0,243.14,10.4,0,19
17/12/2006 5:01,3.4,0.052,242.01,14,0,17
17/12/2006 5:02,3.402,0.056,242.73,14,0,18
17/12/2006 5:03,3.418,0.05,242.7,14,1,18
17/12/2006 5:04,2.994,0.05,243.77,12.6,0,19
17/12/2006 5:05,1.326,0,244.66,5.4,0,18
17/12/2006 5:06,2.02,0,243.62,9.2,0,18
17/12/2006 5:07,3.378,0.056,241.41,14,0,18
17/12/2006 5:08,3.372,0.054,240.91,14,1,18
17/12/2006 5:09,3.374,0.046,240.82,14,0,17
17/12/2006 5:10,3.426,0.046,240.23,14.2,0,18
17/12/2006 5:11,1.462,0.066,242.12,6.2,0,18
17/12/2006 5:12,1.834,0.07,242.93,8.4,0,18
17/12/2006 5:13,3.462,0.046,242.13,14.2,0,18
17/12/2006 5:14,3.486,0.054,242.49,14.2,1,18
17/12/2006 5:15,2.91,0.056,243.69,12,0,9
17/12/2006 5:16,0.936,0.09,245.93,5.4,0,0
17/12/2006 5:17,0.338,0.152,246.45,1.6,0,0
17/12/2006 5:18,1.926,0.136,244.33,8.8,0,0
17/12/2006 5:19,2.42,0.088,242.87,9.8,0,0
17/12/2006 5:20,2.438,0.094,243.06,10,1,0
17/12/2006 5:21,2.43,0.092,243.67,9.8,0,0
17/12/2006 5:22,2.454,0.098,244.05,10,0,0
17/12/2006 5:23,0.424,0.126,246.26,2.6,0,0
17/12/2006 5:24,0.716,0.128,246.23,4.4,0,0
17/12/2006 5:25,2.462,0.098,245.16,10,0,0
17/12/2006 5:26,2.46,0.1,244.25,10,1,0
17/12/2006 5:27,2.418,0.09,243.19,9.8,0,0
17/12/2006 5:28,1,0.112,243.77,5.8,0,0
17/12/2006 5:29,0.298,0.118,244.73,1.2,0,0
17/12/2006 5:30,1.65,0,243.03,7.8,0,0
17/12/2006 5:31,2.31,0.048,242.67,9.4,0,0
17/12/2006 5:32,2.332,0,242.87,9.6,1,0
17/12/2006 5:33,2.242,0.046,243.03,9.2,0,0
17/12/2006 5:34,0.224,0,244.96,1,0,0
17/12/2006 5:35,0.752,0,244.5,4.8,0,0
17/12/2006 5:36,2.33,0,242.56,9.6,0,0
17/12/2006 5:37,2.322,0,242.61,9.4,0,0
17/12/2006 5:38,2.312,0.048,242.19,9.4,0,0
17/12/2006 5:39,0.76,0,243.74,4.8,1,0
17/12/2006 5:40,0.364,0,244.4,2.6,0,0
17/12/2006 5:41,2.336,0,242.39,9.6,0,0
17/12/2006 5:42,2.312,0.048,242.51,9.4,0,0
17/12/2006 5:43,2.332,0,242.61,9.6,0,0
17/12/2006 5:44,0.856,0,243.82,5.2,0,0
17/12/2006 5:45,0.864,0,243.55,5.4,1,0
17/12/2006 5:46,2.302,0.05,242.22,9.4,0,0
17/12/2006 5:47,2.324,0,242.6,9.6,0,0
17/12/2006 5:48,1.852,0,243.74,8.4,0,0
17/12/2006 5:49,0.226,0,247.08,1,0,0
17/12/2006 5:50,2.184,0,244.99,9.2,0,0
17/12/2006 5:51,2.38,0,245.62,9.6,1,0
17/12/2006 5:52,1.92,0,245.71,8.6,0,0
17/12/2006 5:53,0.254,0,246.97,1.2,0,0
17/12/2006 5:54,2.164,0.098,244.63,9.2,0,0
17/12/2006 5:55,2.554,0.188,244.72,10.4,0,0
17/12/2006 5:56,2.026,0.212,245.14,9,0,0
17/12/2006 5:57,0.414,0.244,246.58,2,1,0
17/12/2006 5:58,2.106,0.206,244.28,9.2,0,0
17/12/2006 5:59,2.522,0.202,243.58,10.4,0,0
17/12/2006 6:00,2.076,0.206,244.36,9.2,0,0
17/12/2006 6:01,0.402,0.238,245.77,1.8,0,0
17/12/2006 6:02,2.118,0.204,243.95,9.2,0,0
17/12/2006 6:03,2.486,0.176,243.01,10.2,1,0
17/12/2006 6:04,1.34,0.2,245.34,7,1,0
17/12/2006 6:05,0.666,0.258,246,4,1,0
17/12/2006 6:06,2.44,0.11,243.7,10,2,0
17/12/2006 6:07,2.426,0.082,243.53,9.8,2,0
17/12/2006 6:08,1.278,0.096,243.92,6.8,1,0
17/12/2006 6:09,0.43,0.106,244.99,2.8,2,0
17/12/2006 6:10,2.426,0.08,243.06,10,1,0
17/12/2006 6:11,2.382,0.072,241.95,9.8,2,0
17/12/2006 6:12,2.406,0.078,242.35,9.8,2,0
17/12/2006 6:13,0.33,0.106,244.82,1.8,1,0
17/12/2006 6:14,1.208,0.098,243.99,6.6,2,0
17/12/2006 6:15,2.406,0.076,242.91,9.8,1,0
17/12/2006 6:16,2.442,0.086,242.84,10,2,0
17/12/2006 6:17,2.426,0.082,243.09,10,1,0
17/12/2006 6:18,2.432,0.084,242.41,10,2,0
17/12/2006 6:19,2.414,0.08,242.63,9.8,1,0
17/12/2006 6:20,0.484,0.116,244.86,2.4,2,0
17/12/2006 6:21,0.312,0.112,245.05,1.4,1,0
17/12/2006 6:22,2.352,0.088,243.36,9.8,2,0
17/12/2006 6:23,2.428,0.084,243.66,9.8,1,0
17/12/2006 6:24,2.582,0.092,244.02,10.6,2,0
17/12/2006 6:25,2.784,0.086,243.85,11.4,1,0
17/12/2006 6:26,2.68,0.09,243.73,11,1,0
17/12/2006 6:27,1.42,0.098,244.93,7,2,0
17/12/2006 6:28,0.908,0.088,244.83,3.8,1,0
17/12/2006 6:29,3.194,0.048,242.05,13.2,0,0
17/12/2006 6:30,3.328,0.094,241.89,13.6,0,0
17/12/2006 6:31,2.67,0.094,242.62,11.6,0,0
17/12/2006 6:32,1.238,0.124,244.76,5,1,0
17/12/2006 6:33,1.12,0.116,244.4,4.6,0,0
17/12/2006 6:34,0.592,0.128,245.39,2.6,0,0
17/12/2006 6:35,0.8,0.122,245.94,3.2,0,0
17/12/2006 6:36,0.82,0.126,245.84,3.4,0,0
17/12/2006 6:37,0.796,0.116,244.5,3.2,0,0
17/12/2006 6:38,0.798,0.116,244.02,3.2,1,0
17/12/2006 6:39,0.694,0.12,244.13,2.8,0,0
17/12/2006 6:40,0.694,0.136,244.35,3,0,0
17/12/2006 6:41,0.758,0.228,244.3,3.2,0,0
17/12/2006 6:42,0.682,0.14,244.14,2.8,0,0
17/12/2006 6:43,0.664,0.09,244.49,2.6,1,0
17/12/2006 6:44,0.642,0.084,244.14,2.6,0,0
17/12/2006 6:45,0.66,0.088,243.94,2.6,0,0
17/12/2006 6:46,0.636,0.082,243.58,2.6,0,0
17/12/2006 6:47,0.66,0.09,244.64,2.6,0,0
17/12/2006 6:48,0.638,0.084,244.26,2.6,0,0
17/12/2006 6:49,0.478,0.092,244.46,2,1,0
17/12/2006 6:50,0.316,0,245.54,1.2,0,0
17/12/2006 6:51,0.33,0,246.01,1.4,0,0
17/12/2006 6:52,0.38,0,245.94,1.6,0,0
17/12/2006 6:53,0.522,0,245.22,2.2,0,0
17/12/2006 6:54,0.422,0,244.45,1.8,0,0
17/12/2006 6:55,0.262,0,243.96,1.2,1,0
17/12/2006 6:56,0.22,0,243.39,1,0,0
17/12/2006 6:57,0.246,0,244.35,1,0,0
17/12/2006 6:58,0.212,0,244.26,0.8,0,0
17/12/2006 6:59,0.242,0,244.62,1,0,0
17/12/2006 7:00,0.222,0,244.67,1,0,0
17/12/2006 7:01,0.24,0,244.23,1,1,0
17/12/2006 7:02,0.216,0,244.87,1,0,0
17/12/2006 7:03,0.228,0,243.64,1,0,0
17/12/2006 7:04,0.21,0,242.49,0.8,0,0
17/12/2006 7:05,0.276,0,242.25,1.4,0,0
17/12/2006 7:06,0.322,0.104,242.08,1.4,0,0
17/12/2006 7:07,0.336,0.108,241.89,1.4,0,0
17/12/2006 7:08,0.318,0.108,242.08,1.4,0,0
17/12/2006 7:09,0.314,0.11,242.57,1.4,1,0
17/12/2006 7:10,0.328,0.114,243.04,1.4,0,0
17/12/2006 7:11,0.308,0.108,242.59,1.4,0,0
17/12/2006 7:12,0.326,0.112,242.55,1.4,0,0
17/12/2006 7:13,0.304,0.108,242.8,1.4,0,0
17/12/2006 7:14,2.206,0.086,240.97,9.4,1,0
17/12/2006 7:15,2.338,0.072,239.16,9.6,0,0
17/12/2006 7:16,2.362,0.076,239.21,9.8,0,0
17/12/2006 7:17,2.356,0.074,239.79,9.8,0,0
17/12/2006 7:18,2.324,0,239.78,9.6,0,0
17/12/2006 7:19,2.264,0.056,239.92,9.4,0,0
17/12/2006 7:20,2.28,0.052,240.03,9.4,1,0
17/12/2006 7:21,2.258,0.056,239.9,9.4,0,0
17/12/2006 7:22,2.306,0.048,241.23,9.4,0,0
17/12/2006 7:23,2.288,0.054,241.35,9.4,0,0
17/12/2006 7:24,2.3,0.048,241.01,9.4,0,0
17/12/2006 7:25,2.346,0,241.57,9.6,0,0
17/12/2006 7:26,2.378,0.054,241.27,9.8,1,0
17/12/2006 7:27,2.346,0.048,240.92,9.6,0,0
17/12/2006 7:28,2.35,0.05,240.04,9.8,0,0
17/12/2006 7:29,2.326,0,239.39,9.6,0,0
17/12/2006 7:30,2.336,0.048,238.93,9.6,0,0
17/12/2006 7:31,2.326,0,239.46,9.6,0,0
17/12/2006 7:32,0.504,0.08,242.27,3.2,1,0
17/12/2006 7:33,0.268,0.076,242.22,1.2,0,0
17/12/2006 7:34,1.734,0,242.55,8,0,0
17/12/2006 7:35,2.318,0.05,242.88,9.4,0,0
17/12/2006 7:36,2.322,0.046,242.18,9.6,0,0
17/12/2006 7:37,2.302,0.052,242.16,9.4,0,0
17/12/2006 7:38,2.318,0.046,241.97,9.4,1,0
17/12/2006 7:39,2.302,0.05,241.71,9.4,0,0
17/12/2006 7:40,2.29,0.052,241.53,9.4,0,0
17/12/2006 7:41,2.376,0,241.3,9.8,0,0
17/12/2006 7:42,0.368,0.114,244.31,2,0,0
17/12/2006 7:43,0.332,0.124,244.83,1.4,0,0
17/12/2006 7:44,1.734,0.096,243.37,8.2,0,0
17/12/2006 7:45,2.416,0.088,242.04,10,1,0
17/12/2006 7:46,2.4,0.084,242.24,9.8,0,0
17/12/2006 7:47,2.418,0.088,242.1,10,0,0
17/12/2006 7:48,2.388,0.082,241.56,9.8,0,0
17/12/2006 7:49,2.406,0.086,241.57,9.8,0,0
17/12/2006 7:50,2.378,0.08,241.33,9.8,0,0
17/12/2006 7:51,1.164,0.108,243.28,6.4,1,0
17/12/2006 7:52,0.3,0.118,244.95,1.2,0,0
17/12/2006 7:53,0.7,0.12,244.83,4.4,0,0
17/12/2006 7:54,2.376,0,242.85,9.8,0,0
17/12/2006 7:55,2.32,0.046,242.06,9.6,0,0
17/12/2006 7:56,2.278,0.054,241.04,9.4,0,0
17/12/2006 7:57,2.28,0.05,240.31,9.4,1,0
17/12/2006 7:58,2.278,0.054,240.95,9.4,0,0
17/12/2006 7:59,2.294,0.05,240.67,9.4,0,0
17/12/2006 8:00,2.28,0.056,240.9,9.4,0,0
17/12/2006 8:01,2.3,0.05,240.97,9.4,0,0
17/12/2006 8:02,0.21,0,243.21,1.2,0,0
17/12/2006 8:03,0.216,0,243.6,1,1,0
17/12/2006 8:04,2.256,0.052,241.99,9.4,0,0
17/12/2006 8:05,2.312,0.048,241.62,9.4,0,0
17/12/2006 8:06,2.288,0.052,241.37,9.4,0,0
17/12/2006 8:07,2.308,0.048,241.44,9.4,0,0
17/12/2006 8:08,2.272,0.054,240.62,9.4,0,0
17/12/2006 8:09,2.354,0,241.27,9.6,1,0
17/12/2006 8:10,0.616,0.084,243.88,4,0,0
17/12/2006 8:11,0.282,0.082,243.68,1.2,0,0
17/12/2006 8:12,1.78,0.06,241.11,8.4,0,0
17/12/2006 8:13,2.348,0.048,240.67,9.6,0,0
17/12/2006 8:14,2.368,0.054,241.1,9.8,1,0
17/12/2006 8:15,2.362,0.052,241.84,9.6,0,0
17/12/2006 8:16,2.378,0.056,241.48,9.8,0,0
17/12/2006 8:17,2.43,0.134,240.97,10,0,0
17/12/2006 8:18,2.512,0.256,239.37,10.4,2,0
17/12/2006 8:19,0.616,0.226,241.48,3.8,1,0
17/12/2006 8:20,0.398,0.234,241.86,1.8,2,0
17/12/2006 8:21,1.528,0.212,241.11,7.6,1,0
17/12/2006 8:22,2.484,0.208,241.06,10.2,2,0
17/12/2006 8:23,2.462,0.202,241.06,10.2,1,0
17/12/2006 8:24,2.502,0.214,242.36,10.2,2,0
17/12/2006 8:25,2.484,0.21,242.66,10.2,1,0
17/12/2006 8:26,2.486,0.212,242.06,10.2,2,0
17/12/2006 8:27,2.04,0.214,242.4,9,2,0
17/12/2006 8:28,0.402,0.246,244.02,2,1,0
17/12/2006 8:29,0.38,0.24,243.78,1.8,2,0
17/12/2006 8:30,1.876,0.196,241.39,8.6,1,0
17/12/2006 8:31,2.36,0.068,241.03,9.8,2,0
17/12/2006 8:32,2.364,0.07,240.69,9.8,1,0
17/12/2006 8:33,2.336,0.064,240.11,9.6,2,0
17/12/2006 8:34,2.352,0.068,239.68,9.8,1,0
17/12/2006 8:35,2.34,0.064,240.17,9.6,2,0
17/12/2006 8:36,2.36,0.07,240.34,9.8,1,0
17/12/2006 8:37,0.914,0.088,242.65,5.4,1,0
17/12/2006 8:38,0.29,0.104,243.51,1.2,2,0
17/12/2006 8:39,1.058,0.09,243.08,6,1,0
17/12/2006 8:40,2.374,0.07,241.42,9.8,2,0
17/12/2006 8:41,2.388,0.076,241.94,9.8,1,0
17/12/2006 8:42,2.358,0,242.68,9.6,1,0
17/12/2006 8:43,2.294,0.05,241.02,9.4,1,0
17/12/2006 8:44,2.278,0.054,241.32,9.4,0,0
17/12/2006 8:45,2.28,0.05,240.08,9.4,0,0
17/12/2006 8:46,0.268,0,241.7,1.8,0,0
17/12/2006 8:47,0.222,0,242.47,1,0,0
17/12/2006 8:48,1.622,0.046,241.27,7.8,0,0
17/12/2006 8:49,2.296,0.048,241.03,9.4,1,0
17/12/2006 8:50,2.278,0.054,241.14,9.4,0,0
17/12/2006 8:51,2.296,0.05,240.7,9.4,0,0
17/12/2006 8:52,2.26,0.056,239.73,9.4,0,0
17/12/2006 8:53,2.94,0.218,238.57,12.4,0,0
17/12/2006 8:54,2.792,0.17,238.51,11.6,0,0
17/12/2006 8:55,1.158,0.248,239.96,6,1,0
17/12/2006 8:56,0.932,0.398,240.25,4.2,0,0
17/12/2006 8:57,2.514,0.368,239.1,11.2,0,0
17/12/2006 8:58,2.984,0.334,239.27,12.4,1,0
17/12/2006 8:59,2.996,0.338,238.94,12.6,1,0
17/12/2006 9:00,2.94,0.31,239.09,12.2,1,0
17/12/2006 9:01,3.278,0.158,239.63,14.2,7,0
17/12/2006 9:02,5.908,0.134,237.9,25.4,38,0
17/12/2006 9:03,7.064,0.124,235.57,30,37,0
17/12/2006 9:04,6.926,0.118,235.35,29.4,37,0
17/12/2006 9:05,6.58,0.056,235.15,28.2,38,0
17/12/2006 9:06,6.05,0,235.22,26.2,37,0
17/12/2006 9:07,6.104,0.05,235.32,25.8,37,0
17/12/2006 9:08,4.762,0.088,237.44,20,38,0
17/12/2006 9:09,4.506,0.088,237.25,19,38,0
17/12/2006 9:10,4.472,0.088,236.34,18.8,37,0
17/12/2006 9:11,3.708,0.084,236.82,16.2,27,0
17/12/2006 9:12,0.724,0.054,240.88,4.6,2,0
17/12/2006 9:13,1.892,0.066,239.37,9,26,0
17/12/2006 9:14,2.012,0,239.17,9,2,0
17/12/2006 9:15,2.372,0,238.36,9.8,1,0
17/12/2006 9:16,2.386,0,238.96,10,0,0
17/12/2006 9:17,2.4,0.064,238.59,10,1,0
17/12/2006 9:18,2.424,0.068,238.48,10,2,0
17/12/2006 9:19,1.066,0.05,240,6,1,0
17/12/2006 9:20,0.38,0,240.77,1.6,2,0
17/12/2006 9:21,1.632,0,239.72,7.8,1,0
17/12/2006 9:22,2.41,0,239.47,10,1,0
17/12/2006 9:23,2.38,0.062,239.45,9.8,0,0
17/12/2006 9:24,2.402,0.06,239.23,10,1,0
17/12/2006 9:25,2.438,0.066,239.37,10.2,1,0
17/12/2006 9:26,2.432,0.066,239.18,10,1,0
17/12/2006 9:27,1.64,0.054,239.87,8,2,0
17/12/2006 9:28,0.424,0,240.71,1.8,2,0
17/12/2006 9:29,1.41,0.124,239.52,7.2,5,0
17/12/2006 9:30,2.722,0.136,237.51,11.4,5,0
17/12/2006 9:31,2.712,0.136,237.44,11.4,5,0
17/12/2006 9:32,2.706,0.134,237.39,11.4,5,0
17/12/2006 9:33,2.488,0.112,237.7,10.4,1,0
17/12/2006 9:34,2.424,0.072,238.73,10,0,0
17/12/2006 9:35,1.258,0.184,239.79,6.8,0,0
17/12/2006 9:36,0.37,0.206,240.85,1.8,0,0
17/12/2006 9:37,0.786,0.202,240.73,4.8,0,0
17/12/2006 9:38,2.474,0.176,238.59,10.4,0,0
17/12/2006 9:39,2.474,0.176,238.58,10.4,0,0
17/12/2006 9:40,2.488,0.178,239.21,10.4,0,0
17/12/2006 9:41,2.486,0.178,239.29,10.4,0,0
17/12/2006 9:42,2.444,0.13,238.64,10.2,0,0
17/12/2006 9:43,2.272,0.048,239.04,9.6,0,0
17/12/2006 9:44,0.338,0.076,241.21,1.4,0,0
17/12/2006 9:45,0.29,0,241.1,1.4,0,0
17/12/2006 9:46,1.466,0,240.92,7.4,0,0
17/12/2006 9:47,2.324,0.05,239.84,9.6,0,0
17/12/2006 9:48,2.32,0.052,239.14,9.6,0,0
17/12/2006 9:49,2.308,0.052,238.59,9.6,0,0
17/12/2006 9:50,2.314,0.054,238.76,9.6,0,0
17/12/2006 9:51,2.312,0.052,239.03,9.6,0,0
17/12/2006 9:52,2.306,0.052,239.26,9.6,0,0
17/12/2006 9:53,0.444,0,241.82,3,0,0
17/12/2006 9:54,0.268,0,242.48,1.2,0,0
17/12/2006 9:55,1.846,0.046,240.12,8.4,0,0
17/12/2006 9:56,2.308,0.054,238.67,9.6,0,0
17/12/2006 9:57,2.29,0.056,238.04,9.6,0,0
17/12/2006 9:58,2.288,0.056,238.09,9.6,0,0
17/12/2006 9:59,2.296,0.054,238.13,9.6,0,0
17/12/2006 10:00,2.292,0.054,238.03,9.6,0,0
17/12/2006 10:01,0.37,0,240.26,2.4,0,0
17/12/2006 10:02,0.472,0,240.15,2.4,0,0
